[{"categoryString":"EXTENSION","nonVisible":"true","iconName":"images/extension.png","methods":[{"deprecated":"false","name":"SetCompiledNinePatch","description":"Method for SetCompiledNinePatch","params":[{"name":"component","type":"component"},{"name":"path","type":"text"}]},{"deprecated":"false","name":"SetRawNinePatch","description":"Method for SetRawNinePatch","params":[{"name":"component","type":"component"},{"name":"path","type":"text"}]}],"blockProperties":[],"helpUrl":"","type":"cn.colintree.aix.ColinTreeNinePatch.ColinTreeNinePatch","version":"1","external":"true","showOnPalette":"true","name":"ColinTreeNinePatch","helpString":"by ColinTree at http://www.colintree.cn","events":[],"properties":[]}]